node,rank_improved,rank_baseline,rank_classic,score_improved,score_baseline,score_classic
数理逻辑与集合论/Mathematical Logic and Set Theory,1,5,7,0.980602,0.716847,0.010362
离散数学/Discrete Mathematics,2,15,8,0.801414,0.507183,0.010016
谓词逻辑/Predicate Logic,3,3,5,0.763371,0.839482,0.010990
数理逻辑/Mathematical Logic,4,8,14,0.713437,0.629881,0.007357
命题逻辑/propositional logic,5,2,3,0.683059,0.890570,0.012041
集合/set,6,1,1,0.656241,0.950000,0.020061
公式/formula,7,4,2,0.648254,0.816703,0.016302
论域/domain of discourse,8,12,13,0.581879,0.557316,0.007925
集合论/Set Theory,9,11,12,0.544904,0.565325,0.008195
联结词/connective,10,10,10,0.510205,0.565439,0.009202
一阶语言/First-order Language,11,14,6,0.497823,0.515408,0.010414
公理系统/axiomatic system,12,16,22,0.380672,0.504457,0.004833
关系/relation,13,7,4,0.378377,0.672745,0.010998
一阶理论/First-order Theory,14,25,11,0.371738,0.418711,0.009025
公理/axiom,15,9,29,0.370878,0.569989,0.003804
模型/Model,16,21,16,0.334825,0.455721,0.006923
命题/proposition,17,6,15,0.327315,0.682341,0.007278
语句/Sentence,18,27,25,0.324340,0.414656,0.004128
λ-演算/lambda calculus,19,20,34,0.310372,0.482020,0.003439
初始符号/initial symbols,20,34,28,0.307327,0.371584,0.003868
公理系统的构成/components of an axiomatic system,21,38,73,0.296513,0.359600,0.002452
理论/theory,22,28,40,0.276908,0.400327,0.003210
谓词逻辑的公理系统/axiomatic system for predicate logic,23,37,75,0.264740,0.363011,0.002405
谓词/predicate,24,17,17,0.263461,0.504446,0.006360
命题公式/propositional formula,25,26,20,0.262756,0.417981,0.005071
命题变项/propositional variable,26,35,36,0.253041,0.371214,0.003269
逻辑系统/Logic System,27,23,60,0.248133,0.427460,0.002627
解释/interpretation(logic),28,47,49,0.243704,0.332650,0.002961
前提/premise,29,51,85,0.234951,0.326393,0.002122
逻辑公式/logical formula,30,30,19,0.233011,0.396250,0.005371
谓词公式的解释/interpretation of predicate formula,31,46,56,0.227399,0.332821,0.002747
逻辑联结词/logical connective,32,36,63,0.227292,0.364901,0.002602
真值表/truth table,33,31,84,0.226271,0.388519,0.002126
自然演绎系统/natural deduction system,34,41,30,0.221869,0.348062,0.003780
函数/function,35,13,9,0.218923,0.519641,0.009560
合式公式/Well-formed formula(Wff),36,39,21,0.215409,0.356525,0.004950
证明/proof,37,32,37,0.211421,0.379236,0.003242
推理演算/inference calculus,38,22,38,0.208357,0.431412,0.003239
定理/theorem,39,24,46,0.208192,0.422235,0.003006
逻辑/logic,40,18,884,0.208192,0.488799,0.000222
推理规则/inference rule,41,49,18,0.207803,0.328451,0.005943
等值/equivalence,42,19,118,0.206292,0.487459,0.001660
推理方法/inference method,43,245,148,0.204742,0.199376,0.001415
单一对象层次/Single Object Level,44,297,23,0.193426,0.162222,0.004513
形式逻辑系统/formal logic system,45,143,82,0.192446,0.229925,0.002161
命题逻辑公理系统/Propositional Logic Axiom System,46,59,120,0.191327,0.309250,0.001643
笛卡儿积/Cartesian product,47,54,33,0.187234,0.315575,0.003548
推理公式/inference formula,48,40,79,0.185256,0.354312,0.002238
字符表/character set,49,77,134,0.184210,0.283690,0.001516
结构/Structure,50,56,35,0.181810,0.311321,0.003368
映射/mapping,51,130,58,0.179325,0.243999,0.002700
基本的推理公式/basic inference formula,52,48,51,0.178607,0.330970,0.002950
数学的符号化方法/mathematical symbolization method,53,433,187,0.175380,0.120221,0.001246
Kripke模型/Kripke Model,54,258,101,0.174666,0.181953,0.001863
形式理论Z/Formal Theory Z,55,295,149,0.174520,0.162293,0.001397
并发程序理论工具/concurrent programming theoretical tool,56,95,482,0.174019,0.262813,0.000437
个体域/domain of individuals,57,147,202,0.171846,0.228088,0.001137
真值/truth value,58,29,76,0.170442,0.396993,0.002386
正则公理/Axiom of Regularity,59,246,53,0.169267,0.199077,0.002751
二元联结词/binary connective,60,44,195,0.167478,0.337322,0.001174
析取/disjunction,61,53,193,0.164730,0.321138,0.001214
谓词符号/predicate symbol,62,145,144,0.164615,0.229378,0.001431
知识表示方法/knowledge representation method,63,454,215,0.164570,0.115457,0.001057
推理/inference,64,33,242,0.162055,0.378628,0.000974
形式系统/formal system,65,279,150,0.159137,0.170974,0.001391
非空集合/non-empty set,66,172,91,0.158464,0.213046,0.001990
矛盾式/contradiction,67,76,112,0.155558,0.283746,0.001718
命题形式/propositional form,68,129,249,0.153877,0.247442,0.000933
量词/quantifier,69,55,143,0.152992,0.312091,0.001438
相继式/sequent,70,125,86,0.152191,0.249999,0.002121
双射/bijective function,71,73,32,0.151960,0.287716,0.003699
数学对象/mathematical object,72,455,158,0.147714,0.114994,0.001349
非标准逻辑/non-standard logic,73,161,61,0.146665,0.216945,0.002626
整数集/set of integers,74,247,124,0.142156,0.198950,0.001610
极小项/minterm,75,90,223,0.142141,0.269195,0.001024
命题逻辑符号/propositional logic symbol,76,250,166,0.141745,0.191580,0.001335
简单命题/simple proposition,77,75,47,0.141465,0.284864,0.003005
变形规则/transformation rule,78,83,57,0.140229,0.274568,0.002745
一元联结词/unary connective,79,142,141,0.137429,0.229940,0.001450
个体变项/individual variable,80,80,106,0.137390,0.277028,0.001798
可数集合/countable set,81,69,130,0.137167,0.294664,0.001534
非负整数/non-negative integer,82,505,139,0.137096,0.102940,0.001456
多值逻辑/multi-valued logic,83,252,41,0.135036,0.191169,0.003195
二值逻辑/two-valued logic,84,249,216,0.134918,0.195339,0.001056
语义/semantics,85,127,207,0.134056,0.248305,0.001113
推理过程/inference process,86,148,268,0.133588,0.227279,0.000873
有穷集合/Finite Set,87,58,119,0.133494,0.309958,0.001651
无限集合/infinite set,88,61,62,0.133009,0.306258,0.002610
理论演算/theoretical calculus,89,403,213,0.132717,0.149234,0.001077
一致性/Consistency,90,135,125,0.131280,0.240209,0.001598
谓词变项/predicate variable,91,71,110,0.130999,0.290771,0.001765
代入规则/substitution rule,92,85,169,0.130715,0.272816,0.001328
演绎规则/deduction rule,93,507,248,0.130504,0.102736,0.000933
二元关系/binary relation,94,57,71,0.129525,0.310957,0.002487
变项/variable,95,86,108,0.127331,0.272069,0.001778
递归规则/recursion rule,96,256,52,0.125860,0.186044,0.002903
否定/Negation,97,45,234,0.124513,0.334508,0.000994
重言式/tautology,98,42,78,0.124204,0.347102,0.002248
归结法/resolution method,99,91,380,0.123910,0.266131,0.000577
范式/normal form,100,67,168,0.119130,0.299988,0.001329
协调/consistent,101,138,122,0.118445,0.232772,0.001636
等值式/equivalence formula,102,60,194,0.118127,0.306817,0.001183
基数/cardinal number,103,52,165,0.118044,0.322880,0.001341
等值公式/equivalent formula,104,50,182,0.118035,0.328007,0.001272
集合运算/set operation,105,70,31,0.117264,0.292212,0.003769
性质/property,106,267,375,0.116364,0.178121,0.000593
赋值/Assignment,107,136,98,0.115635,0.236035,0.001916
复合命题/compound proposition,108,43,89,0.115518,0.342145,0.001996
有限域/finite domain,109,126,151,0.113258,0.249712,0.001374
个体/Individual,110,255,286,0.112589,0.186367,0.000808
符号逻辑/Symbolic logic,111,714,157,0.111895,0.092133,0.001354
ZF 公理系统/ZF Axiom System,112,150,50,0.111548,0.225379,0.002959
等价关系/equivalence relation,113,68,77,0.109805,0.296826,0.002267
正则性/regularity,114,497,90,0.109345,0.103712,0.001994
集合关系符/set relational symbol,115,419,179,0.108703,0.130226,0.001280
无限可数集合/infinite countable set,116,265,177,0.108280,0.179039,0.001284
量化/Quantification,117,261,201,0.108177,0.180929,0.001137
字母表/alphabet,118,262,251,0.107205,0.180750,0.000920
全集/universal set,119,140,74,0.106193,0.230869,0.002431
实数集合/set of real numbers,120,133,116,0.105097,0.241240,0.001682
合取/conjunction,121,62,359,0.104729,0.303794,0.000624
开集/open set,122,72,212,0.104673,0.288753,0.001084
个体常项/individual constant,123,164,345,0.104233,0.216127,0.000644
子集合/Subset,124,81,81,0.103453,0.276972,0.002182
推理形式/inference form,125,137,260,0.103114,0.234317,0.000897
双条件式/Biconditional,126,63,600,0.102867,0.302231,0.000359
符号系统/Symbol System,127,721,262,0.102586,0.087718,0.000887
π-演算/pi-calculus,128,100,549,0.102407,0.259563,0.000378
χ-演算/chi-calculus,129,101,1094,0.102407,0.259563,0.000199
陈述句/declarative sentence,130,713,274,0.102339,0.095339,0.000856
等势/equipotency,131,82,414,0.101573,0.275623,0.000530
形成规则/formation rules,132,102,218,0.101314,0.258954,0.001042
非逻辑公理/Non-logical Axiom,133,257,220,0.101054,0.182089,0.001037
闭集/closed set,134,74,206,0.099776,0.285396,0.001123
推理体系/Inference System,135,274,170,0.099580,0.172941,0.001315
特殊关系/special relation,136,271,123,0.099288,0.175217,0.001614
证明推理公式的方法/methods for proving inference formulas,137,170,192,0.098153,0.213790,0.001220
定义/definitions,138,88,351,0.097875,0.270016,0.000642
唯一性/uniqueness,139,97,211,0.097140,0.261924,0.001094
语法/Syntax,140,180,267,0.096959,0.208667,0.000875
偏序集/poset,141,87,27,0.096027,0.272010,0.003933
规则/rule,142,176,256,0.095989,0.212390,0.000912
蕴含/implication,143,65,354,0.095926,0.300341,0.000635
偏序关系/partial order relation,144,79,67,0.095710,0.280034,0.002561
空集/empty set,145,78,87,0.095649,0.281423,0.002098
全称量词/universal quantifier,146,64,394,0.095645,0.300981,0.000550
存在量词/existential quantifier,147,66,443,0.095285,0.300035,0.000485
普遍有效式/universally valid formula,148,98,173,0.095234,0.261045,0.001299
集合论公理/axioms of set theory,149,405,26,0.094982,0.147742,0.004011
幂集/power set,150,94,107,0.093534,0.262870,0.001789
分配律/distributive law,151,93,292,0.093480,0.263879,0.000765
关系矩阵/relation matrix,152,84,334,0.093409,0.274327,0.000666
前束范式/Prenex Normal Form,153,152,92,0.093269,0.223557,0.001972
形式描述/formal description,154,96,145,0.092233,0.262810,0.001430
原始递归规则/primitive recursion rule,155,287,230,0.091191,0.169825,0.001009
一般递归规则/general recursion rule,156,288,191,0.091191,0.169825,0.001229
有序对/ordered pair,157,106,102,0.090801,0.256597,0.001849
语言L/Language L,158,445,290,0.090411,0.118439,0.000776
演绎定理/Deduction Theorem,159,89,986,0.089994,0.269945,0.000199
普遍有效性/universal validity,160,128,146,0.089819,0.247483,0.001422
个体词/individual term,161,149,431,0.089680,0.226017,0.000496
集合基本运算/Basic set operations,162,103,70,0.089517,0.258155,0.002499
表达式/expression,163,712,294,0.089208,0.095393,0.000764
交集/Intersection,164,99,127,0.089153,0.259581,0.001595
极大项/maximal term,165,166,171,0.089146,0.215345,0.001304
自然数集/natural number set,166,277,178,0.089108,0.171417,0.001283
分离规则/rule of detachment,167,108,626,0.088487,0.255718,0.000335
存在性/existence,168,109,332,0.088400,0.252609,0.000673
析取式/disjunctive form,169,141,95,0.087505,0.230405,0.001930
并集/union,170,104,244,0.087289,0.257970,0.000957
线性逻辑/linear logic,171,146,80,0.087093,0.229317,0.002222
等号/equality symbol,172,453,317,0.087047,0.115898,0.000700
合取式/conjunctive form,173,153,121,0.086749,0.222249,0.001640
互补对/complementary pair,174,151,203,0.086511,0.224784,0.001136
量词对蕴涵连接词的分配律/distributive law of quantifiers over implication connective,175,107,479,0.085427,0.256009,0.000446
函数符号/function symbol,176,110,283,0.085053,0.251342,0.000815
极限点/Limit Point,177,105,243,0.084912,0.257360,0.000962
归结/resolution,178,134,503,0.083679,0.240858,0.000419
恒等关系/identity relation,179,111,266,0.083010,0.251205,0.000877
析取范式/disjunctive normal form,180,159,99,0.082789,0.220034,0.001877
命题逻辑公式/propositional logic formula,181,163,126,0.082758,0.216470,0.001596
公式等值关系/Formula Equivalence Relation,182,113,593,0.082546,0.251205,0.000366
传递性/Transitivity,183,92,190,0.082528,0.265572,0.001231
逻辑语言/logical language,184,715,103,0.082523,0.090883,0.001845
归结推理法/resolution inference method,185,132,401,0.082515,0.241313,0.000541
最大元/greatest element,186,123,863,0.082407,0.250000,0.000234
传递闭包/transitive closure,187,112,444,0.082314,0.251205,0.000481
相容关系/compatibility relation,188,244,93,0.082262,0.199454,0.001962
对称闭包/symmetric closure,189,115,783,0.081944,0.250000,0.000266
下确界/infimum,190,122,876,0.081944,0.250000,0.000225
近邻空间/neighborhood space,191,157,24,0.081803,0.220275,0.004434
命题联结词/propositional connective,192,139,322,0.081738,0.232440,0.000694
最小元素/least element,193,119,436,0.081713,0.250000,0.000493
极小元/minimal element,194,120,766,0.081713,0.250000,0.000274
自反闭包/reflexive closure,195,116,862,0.081481,0.250000,0.000235
上确界/supremum,196,121,1190,0.081481,0.250000,0.000199
补集/complement set,197,124,1232,0.081250,0.250000,0.000199
单射/injective function,198,168,96,0.080643,0.214589,0.001929
自反性/Reflexivity,199,117,486,0.080556,0.250000,0.000436
关系逆/inverse relation,200,114,499,0.080324,0.250000,0.000422
